country,country_code,year,gdp_growth,inflation,interest_rate,unemployment
Argentina,ARG,2002,-11.8423138177008,,,
Argentina,ARG,2003,7.71839038006088,,,15.36
Argentina,ARG,2004,7.92951713016532,,,13.522
Argentina,ARG,2005,7.73898107569444,,,11.506
Argentina,ARG,2006,6.94185160089025,,,10.078
Argentina,ARG,2007,7.93261011269163,,,8.47
Argentina,ARG,2008,3.00856892610517,,,7.837
Argentina,ARG,2009,-6.9103121153056,,,8.645
Argentina,ARG,2010,8.96819672899282,,10.5575,7.714
Argentina,ARG,2011,4.88127252804149,,14.0875,7.18
Argentina,ARG,2012,-2.0383253093713,,14.0608333333333,7.217
Argentina,ARG,2013,1.39351266056681,,17.1491666666666,7.1
Argentina,ARG,2014,-3.51326421042003,,24.0091666666666,7.268
Argentina,ARG,2015,1.66091253843923,,24.9158333333333,7.577
Argentina,ARG,2016,-3.02450095578762,,31.2325,8.088
Argentina,ARG,2017,1.91639608148853,,26.5808333333333,8.347
Argentina,ARG,2018,-3.41553683867816,34.2772237131003,48.5166666666666,9.22
Argentina,ARG,2019,-2.69506723533574,53.5483043492339,67.2541666666666,9.843
Argentina,ARG,2020,-10.3361096878518,42.0150947376509,29.3875,11.461
Argentina,ARG,2021,10.1485599877349,48.4093786255199,35.5583333333333,8.736
Argentina,ARG,2022,5.79747980169367,72.430757531824,52.3991666666666,6.805
Argentina,ARG,2023,-2.13703473540124,133.488935594175,95.8941666666666,6.139
Argentina,ARG,2024,-1.68352700528746,219.883929014578,61.7066666666666,7.15
Argentina,ARG,2025,,,,7.145
Australia,AUS,2002,2.7740361493122,2.98157117047457,6.3625,
Australia,AUS,2003,1.91232481392237,2.73259754838937,6.6125,5.933
Australia,AUS,2004,3.11057041061613,2.34325687131265,7.05,5.399
Australia,AUS,2005,1.90739095765275,2.69182949622197,7.25833333333333,5.036
Australia,AUS,2006,1.39339848998918,3.55528696972984,7.6125,4.785
Australia,AUS,2007,1.91249613831002,2.32761442623159,8.19583333333333,4.381
Australia,AUS,2008,1.56811983624921,4.35029726664093,8.90833333333333,4.242
Australia,AUS,2009,-0.124768741461196,1.77112025681656,6.02083333333333,5.565
Australia,AUS,2010,0.632264496011231,2.9183370211222,7.27916666666667,5.214
Australia,AUS,2011,0.981771621515961,3.30384784681081,7.7375,5.083
Australia,AUS,2012,2.15339832775771,1.76278299052228,6.975,5.225
Australia,AUS,2013,0.902732553895234,2.44988248109259,6.17916666666667,5.663
Australia,AUS,2014,1.08218148890933,2.48792932080492,5.95,6.078
Australia,AUS,2015,0.704511799724457,1.50836803138463,5.575,6.055
Australia,AUS,2016,1.16312811538609,1.27699365720306,5.42083333333333,5.711
Australia,AUS,2017,0.62251098729871,1.94864309065653,5.2455,5.592
Australia,AUS,2018,1.3466306507712,1.91140002818579,5.26083333333333,5.345
Australia,AUS,2019,0.695209563773375,1.610770929127,5.101,5.143
Australia,AUS,2020,-1.35774770320791,0.846900734607273,,6.394
Australia,AUS,2021,1.86332687000336,2.86391284709318,,5.022
Australia,AUS,2022,2.91752727950202,6.59409658717841,,3.728
Australia,AUS,2023,1.09251403364293,5.59701792296707,,3.668
Australia,AUS,2024,-0.62779626326919,3.16656665428797,,3.942
Australia,AUS,2025,,,,4.09
Austria,AUT,2002,0.986311683800295,1.81035787764128,,
Austria,AUT,2003,0.650068295894712,1.35555370896445,,4.779
Austria,AUT,2004,1.93089688878541,2.06120618032869,,5.969
Austria,AUT,2005,1.62565909591297,2.29913785639285,,5.682
Austria,AUT,2006,2.75962370061296,1.44154851119016,,5.32
Austria,AUT,2007,3.43938549159965,2.16855528800756,,4.909
Austria,AUT,2008,1.13621131218787,3.21595033239879,,4.198
Austria,AUT,2009,-3.83849307623562,0.506308827696504,,5.371
Austria,AUT,2010,1.56453337880819,1.81353438995061,,4.883
Austria,AUT,2011,2.5811033185299,3.2865791487538,,4.637
Austria,AUT,2012,0.170488694211613,2.48567562177014,,4.909
Austria,AUT,2013,-0.836906795346636,2.00015616900597,,5.367
Austria,AUT,2014,-0.0285805465757676,1.60581182954473,,5.674
Austria,AUT,2015,0.174259722821304,0.896563335260319,,5.802
Austria,AUT,2016,1.01887723192984,0.891591752655362,,6.064
Austria,AUT,2017,1.56430689663536,2.08126911385586,,5.561
Austria,AUT,2018,1.98626296400239,1.99837981429548,,4.933
Austria,AUT,2019,1.30350317565873,1.53089564152643,,4.56
Austria,AUT,2020,-6.70639361073974,1.38191063351853,,5.201
Austria,AUT,2021,4.4669658436443,2.7666666666667,,6.459
Austria,AUT,2022,4.32849751156559,8.54686993188457,,4.992
Austria,AUT,2023,-1.76308859891033,7.81413417002831,,5.264
Austria,AUT,2024,-1.15937778694629,2.93791574279375,,5.2
Austria,AUT,2025,,,,5.582
Belgium,BEL,2002,1.25199428184297,1.6452143617536,,
Belgium,BEL,2003,0.615852527269695,1.58896399970371,,7.68
Belgium,BEL,2004,3.1239312841995,2.09728311239315,,7.363
Belgium,BEL,2005,1.76045646457337,2.78143263670029,,8.44
Belgium,BEL,2006,1.87817418916214,1.79120770070453,,8.246
Belgium,BEL,2007,2.91838151983706,1.82305630026809,,7.459
Belgium,BEL,2008,-0.343476136908251,4.48944420508404,,6.976
Belgium,BEL,2009,-2.69253471722568,-0.0531456741254176,,7.908
Belgium,BEL,2010,1.77618341639121,2.18929920422458,,8.293
Belgium,BEL,2011,0.613616927857308,3.5320821072274,,7.14
Belgium,BEL,2012,-0.403775116080638,2.83966343445899,,7.542
Belgium,BEL,2013,-0.166173060728624,1.11309594027539,,8.425
Belgium,BEL,2014,1.31477462306464,0.340002833356921,,8.523
Belgium,BEL,2015,0.887876358046185,0.561429152790157,,8.482
Belgium,BEL,2016,0.682454832714654,1.97385264653162,,7.83
Belgium,BEL,2017,1.08431151262542,2.12597086002616,,7.09
Belgium,BEL,2018,1.41528937457539,2.05316499865177,,5.941
Belgium,BEL,2019,1.89071932044187,1.43681956996438,,5.364
Belgium,BEL,2020,-5.20244011003201,0.740791812220343,,5.545
Belgium,BEL,2021,5.8180102265206,2.44024851144084,,6.248
Belgium,BEL,2022,3.11948540770641,9.597511728725,,5.57
Belgium,BEL,2023,0.852949954251983,4.04901077613941,,5.547
Belgium,BEL,2024,0.400004034972383,3.14349136500041,,5.7
Belgium,BEL,2025,,,,5.906
Brazil,BRA,2002,1.7820430814383,8.45016437708331,62.875,
Brazil,BRA,2003,-0.0458328306526994,14.7149197228147,67.0833333333333,11.168
Brazil,BRA,2004,4.57169367314847,6.59718509985963,54.925,10.072
Brazil,BRA,2005,2.07730833921147,6.86953720898964,55.3833333333333,10.551
Brazil,BRA,2006,2.8675208375461,4.18356812896909,50.8083333333333,9.692
Brazil,BRA,2007,5.00147015892721,3.64127299102652,43.7166666666666,9.28
Brazil,BRA,2008,4.09221626871856,5.67859390284168,47.25,8.268
Brazil,BRA,2009,-1.01632362228523,4.88803479876798,44.65,9.419
Brazil,BRA,2010,6.62782994929138,5.03872690108074,39.9916666666666,8.42
Brazil,BRA,2011,3.13169854409105,6.6364496221309,43.8833333333333,7.578
Brazil,BRA,2012,1.09733293754664,5.40349914036997,36.6366666666666,7.251
Brazil,BRA,2013,2.17333080616082,6.204310666401,27.3916666666666,7.071
Brazil,BRA,2014,-0.303163572469245,6.32904015516138,32.0083333333333,6.755
Brazil,BRA,2015,-4.30639755989316,9.02990102416136,43.9583333333333,8.538
Brazil,BRA,2016,-4.01012719205779,8.73914352329393,52.1,11.58
Brazil,BRA,2017,0.587668928601474,3.44637335032669,46.9166666666666,12.792
Brazil,BRA,2018,1.09040860420944,3.66485028376728,39.0833333333333,12.329
Brazil,BRA,2019,0.562970836695342,3.73297621216893,37.475,11.936
Brazil,BRA,2020,-3.83550546624957,3.21176803803376,29.0416666666666,13.697
Brazil,BRA,2021,4.3179316178023,8.30165975585673,30.0166666666666,13.158
Brazil,BRA,2022,2.64631532426549,9.28010608956872,39.4,9.231
Brazil,BRA,2023,2.83370012768067,4.59356282283203,43.6,7.947
Brazil,BRA,2024,3.00083291987643,4.36746407652336,40.225,6.801
Brazil,BRA,2025,,,,5.97
Canada,CAN,2002,1.88796484648248,2.25839440940855,4.20833333333333,
Canada,CAN,2003,0.89501858100094,2.75856321360112,4.6875,7.574
Canada,CAN,2004,2.13581560192544,1.85725871857256,4.0,7.185
Canada,CAN,2005,2.23757661617552,2.21355203439767,4.41666666666666,6.758
Canada,CAN,2006,1.60290147691838,2.00202539534161,5.8125,6.484
Canada,CAN,2007,1.06414487775739,2.13838399266837,6.10416666666666,6.156
Canada,CAN,2008,-0.0933427924909864,2.37027067444298,4.72916666666666,6.284
Canada,CAN,2009,-4.02008809742583,0.299466803009299,2.39583333333333,8.46
Canada,CAN,2010,1.95144744690714,1.77687154092627,2.60416666666666,8.178
Canada,CAN,2011,2.13607717133128,2.91213508872351,3.0,7.637
Canada,CAN,2012,0.658841956783917,1.51567823124516,3.0,7.392
Canada,CAN,2013,1.2535901034471,0.938291897815316,3.0,7.143
Canada,CAN,2014,1.84840952337521,1.90663590717861,3.0,7.023
Canada,CAN,2015,-0.11236916498423,1.12524136094277,2.775,6.945
Canada,CAN,2016,-0.0982963624127819,1.42875954701085,2.7,7.038
Canada,CAN,2017,1.8094644720755,1.59688412852976,2.7,6.426
Canada,CAN,2018,1.28092659672814,2.26822567248103,,5.837
Canada,CAN,2019,0.429657601305934,1.94926902411592,,5.69
Canada,CAN,2020,-6.06240642306676,0.716999632307827,,9.657
Canada,CAN,2021,5.36528781293082,3.39519318527527,,7.527
Canada,CAN,2022,2.32641594463436,6.80280115341612,,5.279
Canada,CAN,2023,-1.37792078609685,3.87900159788425,,5.415
Canada,CAN,2024,-1.40934525428779,2.38158383281173,,6.351
Canada,CAN,2025,,,,6.907
Chile,CHL,2002,2.06991885847773,2.48939816650705,7.75807289652374,
Chile,CHL,2003,3.63301530196716,2.8101787574361,6.17877873086097,9.765
Chile,CHL,2004,5.60291985486168,1.05473871403516,5.12700362788107,10.162
Chile,CHL,2005,4.79182839139716,3.05257621387849,6.67787900981345,9.34
Chile,CHL,2006,5.01952135827457,3.39201733699405,7.99948207856605,9.024
Chile,CHL,2007,4.14386212927862,4.40779938398044,8.67125848644778,8.427
Chile,CHL,2008,2.75755699285021,8.71626873039607,13.2617713664149,9.285
Chile,CHL,2009,-2.11061042692428,0.353045178360936,7.25063476884462,11.313
Chile,CHL,2010,4.79363748014636,1.4107110795432,4.75482680518702,8.547
Chile,CHL,2011,5.18104033334399,3.34121694259302,9.03015252269429,7.492
Chile,CHL,2012,5.14158431251035,3.00744840213047,10.0572624433615,6.79
Chile,CHL,2013,2.32789256098182,1.7895555398459,9.261876781921,6.361
Chile,CHL,2014,0.783002086375433,4.71867527854671,8.09805824839011,6.761
Chile,CHL,2015,1.11370445947465,4.34877353217044,5.51492732291402,6.605
Chile,CHL,2016,0.52983351729867,3.78619355893118,5.58839657725206,6.926
Chile,CHL,2017,-0.235110167425177,2.18271846868519,4.55285507889072,7.257
Chile,CHL,2018,2.14988195463914,2.43488981353057,4.1780192502556,7.623
Chile,CHL,2019,-0.962096016030856,2.55754475703326,,7.493
Chile,CHL,2020,-6.98113061984451,3.04549084804326,,10.934
Chile,CHL,2021,10.824550522267,4.52456838259143,,9.281
Chile,CHL,2022,1.64877813218645,11.6438667110559,,8.249
Chile,CHL,2023,-0.0196132258928543,7.58168251407962,,9.013
Chile,CHL,2024,2.09415451485827,4.29763891572524,,8.718
Chile,CHL,2025,,,,8.974
China,CHN,2002,8.51390950160066,-0.731970902350243,5.31,
China,CHN,2003,9.4344412783923,1.12760348729637,5.31,4.58
China,CHN,2004,9.47923943183717,3.82463743108159,5.58,4.49
China,CHN,2005,10.8046485485004,1.7764140766757,5.58,4.52
China,CHN,2006,12.0472818925694,1.64943099455859,6.12,4.43
China,CHN,2007,13.5553663508412,4.81676767378834,7.47,4.35
China,CHN,2008,9.10974706584638,5.92525137041091,5.31,4.59
China,CHN,2009,8.85990205362064,-0.728165250932898,5.31,4.72
China,CHN,2010,10.0634243207535,3.17532475269199,5.81,4.53
China,CHN,2011,8.86480747550642,5.55389892257493,6.56,4.55
China,CHN,2012,7.12701272347094,2.6195243264554,6.0,4.58
China,CHN,2013,7.06322465705706,2.62105001748114,6.0,4.6
China,CHN,2014,6.78666987945924,1.9216416278852,5.6,4.63
China,CHN,2015,6.35855026398104,1.43702380935654,4.35,4.65
China,CHN,2016,6.16542718232793,2.00000182191943,4.35,4.56
China,CHN,2017,6.24626618729064,1.59313600071435,4.35,4.47
China,CHN,2018,6.25861232477357,2.07479039965576,4.35,4.31
China,CHN,2019,5.6929006014863,2.89923416358226,4.35,4.56
China,CHN,2020,2.09686667315867,2.41942189457782,4.35,5.0
China,CHN,2021,8.47322717245602,0.981015135544881,4.35,4.55
China,CHN,2022,3.14769982133814,1.9735755573905,4.35,4.98
China,CHN,2023,5.52431494678926,0.23483682889305,4.35,4.67
China,CHN,2024,5.10662482837367,0.218128938439177,4.35,4.59
China,CHN,2025,,,,4.615
Colombia,COL,2002,0.939608606713477,6.35150728778872,16.3267983308287,
Colombia,COL,2003,2.36282939630979,7.1297886294186,15.1871011450879,13.221
Colombia,COL,2004,3.79715867736165,5.90402005546502,15.0830567168883,13.717
Colombia,COL,2005,3.37111077766936,5.05101962689695,14.5608333333333,11.062
Colombia,COL,2006,5.31174394421016,4.29342363628926,12.893913084832,11.088
Colombia,COL,2007,5.39446786231066,5.54438485815155,15.3818501011015,11.204
Colombia,COL,2008,2.04799051810861,6.9968849555451,17.1756231436696,11.273
Colombia,COL,2009,-0.0317051022677077,4.20251661216481,13.0080746033841,12.066
Colombia,COL,2010,3.31434936742798,2.27200227892008,9.38148993683401,11.153
Colombia,COL,2011,5.80823503363762,3.4150334477625,11.2199184470583,10.288
Colombia,COL,2012,2.87569627540904,3.16930188840055,12.5850402049247,9.959
Colombia,COL,2013,4.14129387844136,2.01699224310383,10.9855861710036,9.246
Colombia,COL,2014,3.5703066542077,2.89883787761737,10.8673350376127,8.799
Colombia,COL,2015,2.06923227113727,4.98983115849529,11.4499872575296,8.572
Colombia,COL,2016,1.08114925712198,7.51346024627674,14.6454318106769,8.922
Colombia,COL,2017,-0.101221554133033,4.3143132569501,13.6858303184817,9.086
Colombia,COL,2018,0.695264947238812,3.24056932930569,12.1148777449182,9.36
Colombia,COL,2019,1.36014067984289,3.52301932741446,11.7690653821826,10.28
Colombia,COL,2020,-8.50949477621059,2.52663500084706,9.85052425129014,15.983
Colombia,COL,2021,9.5929782838861,3.49505757399448,9.33784840910009,13.898
Colombia,COL,2022,6.18779953705864,10.1772313546166,15.8075088706303,10.541
Colombia,COL,2023,-0.410230298426796,11.7359044948689,21.0306368304862,9.591
Colombia,COL,2024,0.512522429942436,6.60908593728228,16.3744226380091,9.619
Colombia,COL,2025,,,,8.29
Czechia,CZE,2002,1.7094695893478,1.90298097019026,6.72416666666666,
Czechia,CZE,2003,3.33040637361914,0.118739205526814,5.94916666666666,7.777
Czechia,CZE,2004,4.70446820099657,2.76010781671153,6.0275,8.298
Czechia,CZE,2005,6.22798628216121,1.85709789109228,5.77666666666666,7.927
Czechia,CZE,2006,6.33483268224242,2.53399258343633,5.59366602166666,7.141
Czechia,CZE,2007,4.87504670244317,2.8531243721117,5.78837958370078,5.316
Czechia,CZE,2008,1.76470872925512,6.3586638015237,6.25170833333333,4.392
Czechia,CZE,2009,-5.33917399896316,1.01937735329229,5.98995833333333,6.662
Czechia,CZE,2010,2.41582948883936,1.47272727272728,5.88783333333333,7.281
Czechia,CZE,2011,1.56218619113156,1.9172191363555,5.71783333333333,6.712
Czechia,CZE,2012,-0.909418387644408,3.28762306610411,5.40672323724727,6.979
Czechia,CZE,2013,-0.0749629946207335,1.4382978723404,4.96989301373891,6.953
Czechia,CZE,2014,2.13762755318902,0.343988589646793,4.64490546444,6.108
Czechia,CZE,2015,4.75262406436026,0.309364548494975,4.28253332923937,5.048
Czechia,CZE,2016,2.3840542545404,0.683504209385702,3.9072462757748,3.952
Czechia,CZE,2017,4.8945501951199,2.4505339846014,3.58974364323778,2.893
Czechia,CZE,2018,2.48698770067625,2.14949494949492,3.5416158774108,2.246
Czechia,CZE,2019,3.15874802851988,2.84787595918041,3.68603218349691,2.015
Czechia,CZE,2020,-5.53491969820153,3.1612952849781,3.34430704292427,2.55
Czechia,CZE,2021,5.93106968937249,3.83984491500146,3.20212533339961,2.803
Czechia,CZE,2022,1.24409473190281,15.100165146837,4.22500917823384,2.224
Czechia,CZE,2023,-1.71985869478267,10.6612601372427,4.68277500627328,2.579
Czechia,CZE,2024,0.852606650391238,2.43531202435314,4.71398151729159,2.6
Czechia,CZE,2025,,,,2.825
Denmark,DNK,2002,0.13609648331196,2.42443661219694,,
Denmark,DNK,2003,0.168251992521974,2.07507820646506,,5.398
Denmark,DNK,2004,2.51108744805822,1.15435693124934,,5.204
Denmark,DNK,2005,2.07801485327876,1.81781458291254,,4.83
Denmark,DNK,2006,3.47585987311464,1.92422138464584,,3.897
Denmark,DNK,2007,0.540321532272571,1.69326586220324,,3.801
Denmark,DNK,2008,-1.00055940971312,3.41626794258374,,3.683
Denmark,DNK,2009,-5.48158280998165,1.30470991024335,,6.409
Denmark,DNK,2010,1.13266938250023,2.31092436974786,,7.746
Denmark,DNK,2011,0.894526404293345,2.7586822605125,,7.769
Denmark,DNK,2012,-0.380977125445526,2.3979148566464,,7.798
Denmark,DNK,2013,0.970845909690212,0.789071780078062,,7.384
Denmark,DNK,2014,0.765766155124069,0.56402054044954,,6.925
Denmark,DNK,2015,1.38566632188861,0.452034153691574,,6.278
Denmark,DNK,2016,2.27180151789635,0.250000000000031,,5.989
Denmark,DNK,2017,2.39559065097636,1.14713216957601,,5.833
Denmark,DNK,2018,1.35619600199787,0.813609467455631,,5.131
Denmark,DNK,2019,1.34779245340653,0.75813157251162,,5.018
Denmark,DNK,2020,-2.06613837683189,0.420711974110024,,5.644
Denmark,DNK,2021,6.03966577353796,1.85304543989689,,5.065
Denmark,DNK,2022,-0.344058639271637,7.69656699889259,,4.434
Denmark,DNK,2023,-0.138322294600371,3.30517811237605,,5.094
Denmark,DNK,2024,2.95776259160623,1.37220049768925,,5.358
Denmark,DNK,2025,,,,5.529
"Egypt, Arab Rep.",EGY,2002,0.258696268364815,2.73723855000334,13.7916666666666,
"Egypt, Arab Rep.",EGY,2003,1.05358246778609,4.50777636319303,13.5333333333333,10.91
"Egypt, Arab Rep.",EGY,2004,1.96524683873078,11.2706193320519,13.375,10.32
"Egypt, Arab Rep.",EGY,2005,2.38032461797421,4.86939696871988,13.1416666666666,11.049
"Egypt, Arab Rep.",EGY,2006,4.77751297935043,7.64452644526434,12.6,10.49
"Egypt, Arab Rep.",EGY,2007,5.0854672784842,9.31896905799229,12.5083333333333,8.8
"Egypt, Arab Rep.",EGY,2008,5.17381069878276,18.3168316831684,12.325,8.517
"Egypt, Arab Rep.",EGY,2009,2.7155259206418,11.7634954386443,11.975,9.087
"Egypt, Arab Rep.",EGY,2010,3.14977851168294,11.2651882653185,11.0083333333333,8.757
"Egypt, Arab Rep.",EGY,2011,-0.354646267702748,10.0649259874818,11.0333333333333,11.849
"Egypt, Arab Rep.",EGY,2012,-0.0429670178954922,7.11172943343082,12.0,12.597
"Egypt, Arab Rep.",EGY,2013,-0.14323388107762,9.4697198106492,12.2916666666666,13.154
"Egypt, Arab Rep.",EGY,2014,0.599558564006458,10.0702154687481,11.7083333333333,13.105
"Egypt, Arab Rep.",EGY,2015,2.20415858015615,10.370490343517,11.625,13.052
"Egypt, Arab Rep.",EGY,2016,2.24497375649698,13.8136062148289,13.6,12.45
"Egypt, Arab Rep.",EGY,2017,2.12015477172733,29.5066083940038,18.175,11.767
"Egypt, Arab Rep.",EGY,2018,3.35166753247044,14.4014657807421,18.3166666666666,9.855
"Egypt, Arab Rep.",EGY,2019,3.71584088573542,9.15279959324803,16.1166666666666,7.851
"Egypt, Arab Rep.",EGY,2020,1.88111975917718,5.04493288977538,11.3666666666666,7.974
"Egypt, Arab Rep.",EGY,2021,1.76220484283698,5.21404940513042,9.425,7.441
"Egypt, Arab Rep.",EGY,2022,5.01555864991792,13.8956609775177,10.5833333333333,6.546
"Egypt, Arab Rep.",EGY,2023,2.02315842412948,33.8847763115546,17.7583333333333,6.753
"Egypt, Arab Rep.",EGY,2024,0.639636335125445,28.2705899322082,24.2916666666666,6.817
"Egypt, Arab Rep.",EGY,2025,,,,6.781
Finland,FIN,2002,1.44115409187744,1.57122012789379,,
Finland,FIN,2003,1.76883520334854,0.877440386254785,,10.469
Finland,FIN,2004,3.70383750334673,0.187120559084418,,10.358
Finland,FIN,2005,2.42615653951086,0.62387445002519,,9.602
Finland,FIN,2006,3.62113497225309,1.56666380704386,,8.935
Finland,FIN,2007,4.86572137220107,2.5106656524034,,6.854
Finland,FIN,2008,0.316320525705208,4.06595355358379,,6.369
Finland,FIN,2009,-8.51460466433139,-9.17360384430342e-07,,8.249
Finland,FIN,2010,2.69737665062684,1.18413523154646,,8.394
Finland,FIN,2011,1.91685338301681,3.41680754255211,,7.781
Finland,FIN,2012,-1.99029082999297,2.80833622561573,,7.689
Finland,FIN,2013,-1.43490157636175,1.47828615688809,,8.193
Finland,FIN,2014,-0.888801631577977,1.04119621178439,,8.663
Finland,FIN,2015,0.136127693741741,-0.207928839905268,,9.376
Finland,FIN,2016,2.27754373131673,0.356684500891695,,8.818
Finland,FIN,2017,3.06123169296772,0.754015047084346,,8.64
Finland,FIN,2018,1.05884315705418,1.08382098409305,,7.361
Finland,FIN,2019,1.23812097519217,1.0240939296343,,6.695
Finland,FIN,2020,-2.63099855258851,0.290554555653239,,7.759
Finland,FIN,2021,2.46373050011893,2.19457432340007,,7.617
Finland,FIN,2022,0.489394588644501,7.12350773301402,,6.719
Finland,FIN,2023,-1.43236573890965,6.25064322154762,,7.149
Finland,FIN,2024,-0.227073487020519,1.56568906231615,,8.4
Finland,FIN,2025,,,,9.461
France,FRA,2002,0.335619014023663,1.92341228727063,,
France,FRA,2003,0.257866805308325,2.09847219146919,,8.306
France,FRA,2004,2.11736543407739,2.14208964640238,,8.914
France,FRA,2005,1.1253537135494,1.74586936380487,,8.882
France,FRA,2006,2.00131130247657,1.67512449608726,,8.832
France,FRA,2007,1.89856745333175,1.48799805953859,,8.008
France,FRA,2008,-0.178410661195599,2.81286194914785,,7.386
France,FRA,2009,-3.32212444604225,0.0876204781574653,,9.122
France,FRA,2010,1.49872466177408,1.53112270420918,,9.279
France,FRA,2011,1.94433505424516,2.11159795175,,9.228
France,FRA,2012,-0.299598729272304,1.95419531613509,,9.841
France,FRA,2013,0.26214454973659,0.863715497861804,,9.913
France,FRA,2014,0.519383764691739,0.507758822937989,,10.273
France,FRA,2015,0.708030590350688,0.0375143805125181,,10.354
France,FRA,2016,0.594243752389232,0.183334861123764,,10.057
France,FRA,2017,1.78779549384231,1.03228275064681,,9.409
France,FRA,2018,1.28216603702126,1.85081508315492,,9.018
France,FRA,2019,1.68870844116209,1.10825492288293,,8.415
France,FRA,2020,-7.74056751254994,0.476498852725065,,8.009
France,FRA,2021,6.50155219757207,1.64233141038393,,7.871
France,FRA,2022,2.20208858513766,5.22236748369725,,7.303
France,FRA,2023,1.16054609449012,4.8783572650844,,7.335
France,FRA,2024,0.925700761599856,1.99904942291462,,7.4
France,FRA,2025,,,,7.542
Germany,DEU,2002,-0.395859338643859,1.42080615551526,,
Germany,DEU,2003,-0.584856140854797,1.03422218628562,,9.779
Germany,DEU,2004,1.18405124273107,1.66573696655991,,10.727
Germany,DEU,2005,0.942782582208039,1.54691114751328,,11.193
Germany,DEU,2006,3.98390753495501,1.57742642840563,,10.277
Germany,DEU,2007,3.0267913002332,2.2983440070095,,8.732
Germany,DEU,2008,1.07991595041742,2.62837981637219,,7.508
Germany,DEU,2009,-5.30491661723096,0.312739007368446,,7.88
Germany,DEU,2010,4.29429269623485,1.1038103778926,,7.043
Germany,DEU,2011,5.69928311502757,2.07517283735874,,5.967
Germany,DEU,2012,0.275091009850499,2.00848884782956,,5.372
Germany,DEU,2013,0.12338547838786,1.50472330251876,,5.316
Germany,DEU,2014,1.75510660613023,0.906794000434245,,4.979
Germany,DEU,2015,0.786705244581157,0.514426137125456,,4.612
Germany,DEU,2016,1.40038690062336,0.491747008445174,,4.104
Germany,DEU,2017,2.4144426920242,1.50949485109628,,3.781
Germany,DEU,2018,0.832212527052548,1.73216879766941,,3.384
Germany,DEU,2019,0.750266426253219,1.44565976888253,,3.163
Germany,DEU,2020,-4.21020011825779,0.144877925813981,,3.881
Germany,DEU,2021,3.86602720371127,3.06666666666673,,3.594
Germany,DEU,2022,1.83161439976671,6.87257438551096,,3.137
Germany,DEU,2023,-0.999929288913975,5.94643667725823,,3.071
Germany,DEU,2024,-0.769070552658818,2.2564981433876,,3.4
Germany,DEU,2025,,,,3.711
Greece,GRC,2002,4.30010645802261,3.62935871878874,,
Greece,GRC,2003,5.54464686570202,3.53065027765554,,9.839
Greece,GRC,2004,5.11746949484984,2.89884810758167,,10.628
Greece,GRC,2005,0.887221298370648,3.5450727333508,,10.074
Greece,GRC,2006,6.12419382696766,3.19594684144543,,8.906
Greece,GRC,2007,3.24351376995932,2.89500321516578,,8.351
Greece,GRC,2008,-0.2077841521306,4.1527970811029,,7.664
Greece,GRC,2009,-4.37113631022572,1.21007269197809,,9.546
Greece,GRC,2010,-5.81520524166056,4.71298907760395,,12.719
Greece,GRC,2011,-9.74334160929287,3.3298532335065,,17.973
Greece,GRC,2012,-7.83408943355501,1.50152696177758,,24.731
Greece,GRC,2013,-1.56089629701783,-0.921269454256899,,27.686
Greece,GRC,2014,1.46585655106406,-1.31226096405525,,26.708
Greece,GRC,2015,0.431225575747547,-1.73588804765275,,24.981
Greece,GRC,2016,0.384851865059588,-0.825653978391033,,23.514
Greece,GRC,2017,1.67402014860588,1.12125452031425,,21.413
Greece,GRC,2018,2.27195132202993,0.62562141345364,,19.179
Greece,GRC,2019,2.38497557963629,0.253007522038059,,17.045
Greece,GRC,2020,-9.00116455331775,-1.24798355581405,,15.899
Greece,GRC,2021,9.98468495798464,1.22382501019854,,14.656
Greece,GRC,2022,6.85985632812138,9.64525981280642,,12.426
Greece,GRC,2023,2.42572335736084,3.46480128513405,,11.023
Greece,GRC,2024,2.10832570957629,2.74101875679477,,10.02
Greece,GRC,2025,,,,8.54
Hungary,HUN,2002,5.02871060786862,5.26544821583985,10.1688765035317,
Hungary,HUN,2003,4.23691963512549,4.66101694915254,9.60342391546246,5.79
Hungary,HUN,2004,5.19581258967388,6.74434679569469,12.8245260157791,5.832
Hungary,HUN,2005,4.50792078649896,3.56151711378352,8.54094532697993,7.189
Hungary,HUN,2006,4.09589996478341,3.93032603841001,8.07941498799324,7.494
Hungary,HUN,2007,0.487904817715162,7.9587451654491,9.08594749573091,7.406
Hungary,HUN,2008,1.17042884387347,6.0425125388106,10.1816677384355,7.817
Hungary,HUN,2009,-6.59558642753552,4.21171171171171,11.036862215741,10.03
Hungary,HUN,2010,1.2966366075499,4.85555795691956,7.58692511347841,11.172
Hungary,HUN,2011,2.2059103447462,3.9299209893507,8.32038166635833,11.029
Hungary,HUN,2012,-0.828646515876528,5.65214517088646,9.00154451059167,11.003
Hungary,HUN,2013,2.52439305270235,1.73319984983101,6.30391235390834,10.177
Hungary,HUN,2014,4.75555169835647,-0.227566270988219,4.44753432715834,7.725
Hungary,HUN,2015,4.03310873929586,-0.0616446800641672,2.90249069046667,6.813
Hungary,HUN,2016,2.83749039789862,0.394769306686392,2.08907111213333,5.115
Hungary,HUN,2017,4.47743568209606,2.34824281150154,1.48114342166667,4.156
Hungary,HUN,2018,5.82146361803679,2.85024792594646,1.47096759300833,3.667
Hungary,HUN,2019,5.2087641343076,3.33858635382008,1.79243378790833,3.411
Hungary,HUN,2020,-4.09730738033811,3.32674385766738,1.95768913324167,4.248
Hungary,HUN,2021,7.66253175353751,5.11096534382855,2.9645376181,4.021
Hungary,HUN,2022,4.43277115645731,14.6081439492433,10.6554314535917,3.583
Hungary,HUN,2023,-0.683845867847779,17.1249659678737,15.3020823180167,4.096
Hungary,HUN,2024,0.8768874226772,3.70370370370369,9.12671515640833,4.5
Hungary,HUN,2025,,,,4.521
India,IND,2002,1.94070548515326,4.29715203929563,11.9166666666667,
India,IND,2003,6.00579964314747,3.80585899528851,11.4583333333333,7.633
India,IND,2004,6.09996522450102,3.76725173477515,10.9166666666667,7.598
India,IND,2005,6.17702892486365,4.24634362031922,10.75,7.551
India,IND,2006,6.38367720854581,5.79652337561634,11.1875,7.553
India,IND,2007,6.05160013740698,6.37288135593231,13.0208333333333,7.562
India,IND,2008,1.61413451702882,8.34926704907581,13.3125,7.629
India,IND,2009,6.31340985793889,10.8823529411764,12.1875,7.636
India,IND,2010,6.93079780415253,11.9893899204244,8.33335,7.631
India,IND,2011,3.76074153145865,8.91179336483371,10.1666666666667,7.609
India,IND,2012,4.01726735836323,9.47899691419801,10.6041666666667,7.645
India,IND,2013,4.97769997302639,10.0178784746102,10.2916666666667,7.678
India,IND,2014,6.06398074162718,6.66565671867899,10.25,7.656
India,IND,2015,6.71566734640226,4.90697344127256,10.0083333333333,7.629
India,IND,2016,6.97394690929247,4.94821634062141,9.6725,7.611
India,IND,2017,5.561185034605,3.32817337461298,9.50833333333333,7.626
India,IND,2018,5.29211971914722,3.9388264669163,9.45416666666667,7.652
India,IND,2019,2.79675759965889,3.72950573539129,9.46625,6.51
India,IND,2020,-6.69047102833747,6.62343677628535,9.15,7.859
India,IND,2021,8.79093447676263,5.13140747176369,8.69833333333333,6.38
India,IND,2022,6.76238601727897,6.69903414079852,8.56714285714286,4.822
India,IND,2023,8.23053143349361,5.64914318907925,,4.172
India,IND,2024,5.55042158511394,4.95303550973656,,4.173
India,IND,2025,,,,4.219
Indonesia,IDN,2002,3.09230929876641,11.9001200338414,18.945,
Indonesia,IDN,2003,3.40244595178829,6.75731256333564,16.935,6.657
Indonesia,IDN,2004,3.7043674512371,6.06406189133648,14.1241666666667,7.303
Indonesia,IDN,2005,4.3443558422024,10.4532001873347,14.0508333333333,7.945
Indonesia,IDN,2006,4.11201890218061,13.108670985346,15.9791666666667,7.551
Indonesia,IDN,2007,4.94958392275811,6.40656087966005,13.8616666666667,8.06
Indonesia,IDN,2008,4.64721758277069,10.2266663272483,13.5983333333333,7.208
Indonesia,IDN,2009,3.31160021271401,4.38641311792074,14.4983333333333,6.106
Indonesia,IDN,2010,4.89326246908787,5.13420639015885,13.2516666666667,5.614
Indonesia,IDN,2011,4.82294276512758,5.35604849112582,12.4033333333333,5.153
Indonesia,IDN,2012,4.67540374198676,4.2795142691943,11.795,4.468
Indonesia,IDN,2013,4.25603923226443,6.41249457900391,11.6575,4.336
Indonesia,IDN,2014,3.77968595157438,6.39492882396559,12.605,4.049
Indonesia,IDN,2015,3.70583428895539,6.36312061196646,12.6625,4.514
Indonesia,IDN,2016,3.91054275495577,3.52580452815451,11.8883333333333,4.301
Indonesia,IDN,2017,4.00109865179923,3.80879857691949,11.0733333333333,3.783
Indonesia,IDN,2018,4.15930013909383,3.19834755924996,10.5366666666667,4.387
Indonesia,IDN,2019,4.0413041818536,3.03058460941661,10.3658333333333,3.59
Indonesia,IDN,2020,-2.89423403981894,1.91983527270793,9.54416666666667,4.255
Indonesia,IDN,2021,2.97476192227879,1.56007882983334,8.9225,3.827
Indonesia,IDN,2022,4.52447576618876,4.20946463714784,8.52,3.462
Indonesia,IDN,2023,4.16753001019646,3.66938654859761,8.92666666666667,3.308
Indonesia,IDN,2024,4.1790017564892,2.18151273615189,8.79568784927158,3.301
Indonesia,IDN,2025,,,,3.237
Ireland,IRL,2002,4.12975527664135,4.62820512820515,,
Ireland,IRL,2003,1.34938713225839,3.49221909079765,,4.478
Ireland,IRL,2004,4.85345751357542,2.17854605730523,,4.491
Ireland,IRL,2005,3.46094094006261,2.45654692931639,,4.237
Ireland,IRL,2006,2.19518952781192,3.93576114001354,,4.355
Ireland,IRL,2007,2.30923113199,4.88574537540802,,4.98
Ireland,IRL,2008,-6.41164613131696,4.03568834941391,,6.774
Ireland,IRL,2009,-6.05481156494983,-4.44754686876746,,12.609
Ireland,IRL,2010,1.13042386118924,-0.918388645376774,,14.534
Ireland,IRL,2011,1.166742916706,2.5489783020855,,15.354
Ireland,IRL,2012,-0.826164036751607,1.69474116680366,,15.451
Ireland,IRL,2013,1.65624859275668,0.515099484900573,,13.735
Ireland,IRL,2014,8.58909717383906,0.190916398713745,,11.858
Ireland,IRL,2015,23.4520270725761,-0.330959783371788,,9.908
Ireland,IRL,2016,-0.0687294094505688,0.0201247735963237,,8.374
Ireland,IRL,2017,8.63259519638329,0.362173038229378,,6.713
Ireland,IRL,2018,6.13694267880518,0.471130713712916,,5.741
Ireland,IRL,2019,3.31840085150145,0.937842961189274,,4.95
Ireland,IRL,2020,5.80801946810749,-0.326183651280033,,5.623
Ireland,IRL,2021,14.6467292457005,2.34034113447044,,6.357
Ireland,IRL,2022,5.40228269492256,7.82945736434105,,4.465
Ireland,IRL,2023,-4.34749825420604,6.29942487419125,,4.243
Ireland,IRL,2024,0.997438539135004,2.11344999577317,,4.3
Ireland,IRL,2025,,,,4.632
Italy,ITA,2002,0.0717374312631875,2.46532319171165,6.53650833333333,
Italy,ITA,2003,-0.472767256846353,2.6725555277285,5.83035,8.869
Italy,ITA,2004,0.721242547682493,2.20673661423657,5.50616666666667,7.866
Italy,ITA,2005,0.176020373979568,1.9852929852798,5.313935,7.73
Italy,ITA,2006,1.3930148978998,2.09084391012754,5.62177916666667,6.777
Italy,ITA,2007,0.846872548383672,1.82974112202403,6.3347,6.076
Italy,ITA,2008,-1.7836019705945,3.34783258401022,6.83731,6.723
Italy,ITA,2009,-5.85255775999181,0.774768131387381,4.75666666666667,7.749
Italy,ITA,2010,1.0811087798198,1.52551602118248,4.03166666666667,8.363
Italy,ITA,2011,0.347491108002188,2.78063272879323,4.59916666666667,8.359
Italy,ITA,2012,-3.38984189684089,3.04136333226775,5.2225,10.655
Italy,ITA,2013,-2.01397031609169,1.21999342274306,5.14416666666667,12.149
Italy,ITA,2014,-0.0164634913490715,0.241047429826756,4.86666666666667,12.683
Italy,ITA,2015,1.03826511770654,0.0387903996579733,4.12925,11.896
Italy,ITA,2016,1.42884453159633,-0.09401665691575,3.49616666666667,11.688
Italy,ITA,2017,1.79499729937032,1.22653316645812,3.00083333333333,11.211
Italy,ITA,2018,0.581227670101029,1.13748763600391,2.68,10.538
Italy,ITA,2019,1.13464411867925,0.611246943765304,2.6025,9.884
Italy,ITA,2020,-8.42323993924451,-0.13770757391651,2.32833333333333,9.192
Italy,ITA,2021,9.49416108466208,1.87378325762481,2.02591666666667,9.497
Italy,ITA,2022,5.0334454866795,8.20128991161718,2.264455,8.069
Italy,ITA,2023,1.02611231433292,5.62219442195901,4.89248125,7.627
Italy,ITA,2024,0.746500224061592,0.982373023061417,5.25244583333333,6.5
Italy,ITA,2025,,,,6.391
Japan,JPN,2002,-0.190392013639268,-0.923494026942321,1.86491666666667,
Japan,JPN,2003,1.31809196260171,-0.256541816316025,1.82208333333333,5.251
Japan,JPN,2004,2.15172332915763,-0.00857338820310272,1.76658333333333,4.734
Japan,JPN,2005,1.79433980048837,-0.282946068764391,1.67691666666667,4.446
Japan,JPN,2006,1.3081271829718,0.249355116079085,1.66483333333333,4.192
Japan,JPN,2007,1.36742232597771,0.060039454498669,1.88325,3.888
Japan,JPN,2008,-1.27210994875956,1.3800788616492,1.9095,4.002
Japan,JPN,2009,-5.68145234041657,-1.35283672951719,1.72333333333333,5.068
Japan,JPN,2010,4.07922304856318,-0.728243207517779,1.59833333333333,5.102
Japan,JPN,2011,0.209251802844406,-0.27245561610124,1.50091666666667,4.55
Japan,JPN,2012,1.53678665868971,-0.0440645104432602,1.4075,4.358
Japan,JPN,2013,2.15237106568597,0.335037912184741,1.30375,4.038
Japan,JPN,2014,0.429381122519686,2.75922671353253,1.21916666666667,3.589
Japan,JPN,2015,1.66846511717627,0.795279630579839,1.14283333333333,3.385
Japan,JPN,2016,0.805362824501671,-0.127258844489754,1.04475,3.132
Japan,JPN,2017,1.75861180168305,0.484199796126385,0.994,2.822
Japan,JPN,2018,0.771168471505248,0.989094598021848,,2.467
Japan,JPN,2019,-0.262170828573062,0.46877615938395,,2.351
Japan,JPN,2020,-3.88641911578898,-0.024995834027731,,2.809
Japan,JPN,2021,3.17001738751661,-0.233352779398264,,2.808
Japan,JPN,2022,1.39102754851621,2.49770278172255,,2.614
Japan,JPN,2023,1.97080161121153,3.26813365933163,,2.6
Japan,JPN,2024,0.541366477991744,2.73853681635241,,2.5
Japan,JPN,2025,,,,2.451
"Korea, Rep.",KOR,2002,7.12308072036979,2.76226210296599,6.76916666666667,
"Korea, Rep.",KOR,2003,2.54185039649609,3.51487451459939,6.23666666666667,3.348
"Korea, Rep.",KOR,2004,4.7675860552671,3.59066298882578,5.90416666666667,3.42
"Korea, Rep.",KOR,2005,4.13723386737684,2.75379162735039,5.59333333333333,3.482
"Korea, Rep.",KOR,2006,4.6937077744137,2.24234028518921,5.9875,3.254
"Korea, Rep.",KOR,2007,5.30856236809566,2.53457382137932,6.55166666666667,3.013
"Korea, Rep.",KOR,2008,2.22523680909987,4.67389655533408,7.16833333333333,2.959
"Korea, Rep.",KOR,2009,0.302292304284919,2.7564965449393,5.64916666666667,3.363
"Korea, Rep.",KOR,2010,6.44997750684229,2.93928652655686,5.51166666666667,3.324
"Korea, Rep.",KOR,2011,2.89375816160189,4.0259650043609,5.7575,2.992
"Korea, Rep.",KOR,2012,2.00997301929048,2.18707104433314,5.39583333333333,2.812
"Korea, Rep.",KOR,2013,2.82226288554209,1.30134754547413,4.64333333333333,3.067
"Korea, Rep.",KOR,2014,2.5683693516693,1.27477446401322,4.26333333333333,3.082
"Korea, Rep.",KOR,2015,2.37903405951899,0.70633177245575,3.53333333333333,3.546
"Korea, Rep.",KOR,2016,2.76290075939411,0.971685739912168,3.3675,3.65
"Korea, Rep.",KOR,2017,3.14298545917306,1.94433230786366,3.47666666666666,3.653
"Korea, Rep.",KOR,2018,2.72979572830845,1.47583935002645,3.6625,3.824
"Korea, Rep.",KOR,2019,1.95849636720857,0.383000303608136,3.44583333333333,3.746
"Korea, Rep.",KOR,2020,-0.837051834035137,0.537288023411737,2.80166666666667,3.931
"Korea, Rep.",KOR,2021,4.747751556973,2.49833333333339,2.88416666666667,3.639
"Korea, Rep.",KOR,2022,2.92034561376229,5.08951365062842,4.2925,2.857
"Korea, Rep.",KOR,2023,1.50434142529414,3.5974562502901,5.18916666666667,2.675
"Korea, Rep.",KOR,2024,1.92783227201599,2.32174328643542,4.72666666666667,2.784
"Korea, Rep.",KOR,2025,,,,2.683
Malaysia,MYS,2002,2.87262555049826,1.80787246281536,6.52833333333334,
Malaysia,MYS,2003,3.31466734765901,1.08967632577286,6.30083333333333,3.61
Malaysia,MYS,2004,4.34321310786574,1.42127115937402,6.04583333333333,3.54
Malaysia,MYS,2005,2.97037127170485,2.97507092684449,5.9525,3.53
Malaysia,MYS,2006,3.25940653936949,3.60923564224389,6.48583333333333,3.32
Malaysia,MYS,2007,4.01330440274728,2.02735317779569,6.40916666666667,3.31
Malaysia,MYS,2008,2.65806478779189,5.44078221100769,6.08,3.34
Malaysia,MYS,2009,-3.45602642616269,0.583308405623702,5.08416666666666,3.62
Malaysia,MYS,2010,5.43424070379723,1.62285235577035,5.0,3.32
Malaysia,MYS,2011,3.46597439015295,3.1744709215131,4.915,3.05
Malaysia,MYS,2012,3.69276569143121,1.66357102479206,4.78583333333333,3.04
Malaysia,MYS,2013,2.91923259894287,2.10501231233612,4.6498,3.14
Malaysia,MYS,2014,4.20447757863825,3.14299050879095,4.587025,2.88
Malaysia,MYS,2015,3.28578556272301,2.10438980238359,4.565375,3.1
Malaysia,MYS,2016,2.62004557566016,2.09056659525742,4.53106666666667,3.44
Malaysia,MYS,2017,3.96186564548185,3.87120115774237,4.60807808641975,3.41
Malaysia,MYS,2018,3.07401779071937,0.884709160571235,4.92844038461538,3.3
Malaysia,MYS,2019,2.75950122381441,0.662891865764326,4.87689294871795,3.33
Malaysia,MYS,2020,-6.7093351308522,-1.1387021539305,3.94420769234615,4.54
Malaysia,MYS,2021,2.13146199778431,2.47710241465447,3.44410640384615,4.64
Malaysia,MYS,2022,7.73357563754043,3.37869862549928,3.90802666666667,3.93
Malaysia,MYS,2023,2.26723785284469,2.48886560125754,5.31737500641025,3.858
Malaysia,MYS,2024,3.83035137439249,1.834100204499,5.282681,3.846
Malaysia,MYS,2025,,,,3.764
Mexico,MEX,2002,-1.66063053524651,5.03072733151295,8.21083333333333,
Mexico,MEX,2003,-0.219450145073267,4.54690012118718,7.0225,3.455
Mexico,MEX,2004,2.16106229645384,4.68840884843143,7.43833333333333,3.937
Mexico,MEX,2005,0.745413251973147,3.98805714597437,9.695,3.558
Mexico,MEX,2006,3.39577677542312,3.62946762439132,7.51183478062322,3.566
Mexico,MEX,2007,0.650788700685027,3.96684905458235,7.56083333333333,3.628
Mexico,MEX,2008,-0.519889925183975,5.12498274575896,8.70576785663225,3.874
Mexico,MEX,2009,-7.65517173118076,5.29735584228856,7.065,5.356
Mexico,MEX,2010,3.47084287436401,4.15672722680174,5.28083333333333,5.303
Mexico,MEX,2011,1.99026327799889,3.40737824605742,4.91083333333333,5.175
Mexico,MEX,2012,2.1573183045698,4.11150981070289,4.68083333333333,4.892
Mexico,MEX,2013,-0.447810738278491,3.80639069747204,4.27083333333333,4.921
Mexico,MEX,2014,1.27091420531951,4.01861608078679,3.55166666666667,4.819
Mexico,MEX,2015,1.60971010585429,2.72064064964023,3.43916666666667,4.311
Mexico,MEX,2016,0.790955216102532,2.8217078474766,4.75416666666667,3.853
Mexico,MEX,2017,0.923425358691205,6.04145724018986,7.3325,3.419
Mexico,MEX,2018,1.01136621686764,4.89935015356551,8.04,3.275
Mexico,MEX,2019,-1.33462176883367,3.63596142127046,8.42916666666667,3.477
Mexico,MEX,2020,-9.10287154605422,3.39683415570006,6.34166666666667,4.44
Mexico,MEX,2021,5.34306679586261,5.68920847683753,4.89166666666667,4.019
Mexico,MEX,2022,2.93163505458958,7.8962761916855,8.17916666666667,3.256
Mexico,MEX,2023,2.45603364564664,5.52796087314389,11.5916666666667,2.765
Mexico,MEX,2024,0.558373546635821,4.72225588452932,11.2233333333333,2.678
Mexico,MEX,2025,,,,2.673
Netherlands,NLD,2002,-0.392037086310523,3.28753104712766,3.95833333333333,
Netherlands,NLD,2003,-0.373331238838787,2.09199838997655,3.0,3.593
Netherlands,NLD,2004,1.66244352424715,1.26364739183177,2.75,4.646
Netherlands,NLD,2005,1.79582591930534,1.6881301786962,2.77083333333333,5.872
Netherlands,NLD,2006,3.37121339494911,1.10150106517709,3.54166666666667,5.007
Netherlands,NLD,2007,3.6595790579472,1.61385859802102,4.60416666666667,4.153
Netherlands,NLD,2008,1.72005565007052,2.48650198289457,4.60416666666667,3.658
Netherlands,NLD,2009,-4.15945322331045,1.18977687021548,1.98333333333333,4.352
Netherlands,NLD,2010,0.800960653466348,1.27530569556679,1.75,4.991
Netherlands,NLD,2011,1.29975033814375,2.34107017751373,2.0,4.977
Netherlands,NLD,2012,-1.34363605737404,2.45554765291614,1.625,5.821
Netherlands,NLD,2013,-0.324530183160419,2.50689852657875,1.5,7.241
Netherlands,NLD,2014,1.24763624808071,0.976035079699679,,7.419
Netherlands,NLD,2015,1.66898777013176,0.600248147278776,,6.872
Netherlands,NLD,2016,1.88065314524779,0.316666666666652,,6.007
Netherlands,NLD,2017,2.17569091526914,1.38145871407216,,4.837
Netherlands,NLD,2018,1.66335743670078,1.70349794744479,,3.832
Netherlands,NLD,2019,1.63214291771632,2.63369910249591,,3.379
Netherlands,NLD,2020,-4.40052537279003,1.27246037789161,,3.82
Netherlands,NLD,2021,5.72193522957718,2.67572008805385,,4.209
Netherlands,NLD,2022,4.0109788096194,10.0012078753473,,3.526
Netherlands,NLD,2023,-1.57745734337647,3.83839354342808,,3.535
Netherlands,NLD,2024,0.427291768689813,3.34754304219953,,3.7
Netherlands,NLD,2025,,,,3.874
New Zealand,NZL,2002,2.9101304553614,2.67709257711605,7.17585350727611,
New Zealand,NZL,2003,2.68143475144709,1.75357444759557,6.9967756012681,4.745
New Zealand,NZL,2004,2.55242862499898,2.29024902847571,7.10214801730848,4.005
New Zealand,NZL,2005,2.19286668317011,3.03702332617012,7.76256016240711,3.807
New Zealand,NZL,2006,1.53451584031141,3.36540196171993,8.19215614560302,3.857
New Zealand,NZL,2007,2.09997633054701,2.37614310290659,8.61220661400669,3.661
New Zealand,NZL,2008,-1.85355347358967,3.9589493731206,8.93853268110941,4.167
New Zealand,NZL,2009,-1.03184078096996,2.1156511055456,6.65675979597309,6.121
New Zealand,NZL,2010,0.336940895877831,2.30202385958572,6.25545424755873,6.557
New Zealand,NZL,2011,1.31801414005311,4.0279066739204,6.10883251498722,6.491
New Zealand,NZL,2012,1.80664874629129,1.05991318445632,5.82383752043118,6.931
New Zealand,NZL,2013,1.80431778832353,1.13442266445817,5.53306960008471,5.839
New Zealand,NZL,2014,2.11605987877432,1.227507505974,5.80416666666667,5.428
New Zealand,NZL,2015,1.60054496622324,0.292704628136101,5.7625,5.415
New Zealand,NZL,2016,1.47418017961533,0.646240284454524,5.02083333333333,5.147
New Zealand,NZL,2017,1.24183177643995,1.85078767452536,4.76,4.736
New Zealand,NZL,2018,1.6336762235868,1.59829703801696,,4.335
New Zealand,NZL,2019,0.882643007578949,1.61963190184048,,4.109
New Zealand,NZL,2020,-2.31391634084866,1.71456170007245,,4.595
New Zealand,NZL,2021,4.28458318360995,3.94112060778728,,3.776
New Zealand,NZL,2022,3.55544968252481,7.17222476016441,,3.299
New Zealand,NZL,2023,-0.912467413170035,5.73316283034957,,3.734
New Zealand,NZL,2024,-0.387550970211336,2.92279782301957,,4.724
New Zealand,NZL,2025,,,,5.076
Nigeria,NGA,2002,12.2103862832199,12.8765792031099,24.7708333333333,
Nigeria,NGA,2003,4.42833467516175,14.0317836131437,20.7141666666667,3.637
Nigeria,NGA,2004,6.26527336879505,14.9980338183251,19.1808333333333,3.59
Nigeria,NGA,2005,3.53183710668041,17.8634933661605,17.9483333333333,3.727
Nigeria,NGA,2006,3.17092810336983,8.22522152017047,16.8933333333333,3.749
Nigeria,NGA,2007,3.67720698171571,5.38800796858626,16.9391666666667,3.794
Nigeria,NGA,2008,3.83258898509833,11.5810751748252,15.1358333333333,3.792
Nigeria,NGA,2009,5.06718321393218,12.5378277304689,18.9908333333333,3.763
Nigeria,NGA,2010,5.0285377931029,13.7400521363694,17.585,3.744
Nigeria,NGA,2011,2.39734841623091,10.8261371880017,16.02,3.77
Nigeria,NGA,2012,1.37822146587332,12.2242413020584,16.7916666666667,3.761
Nigeria,NGA,2013,3.81449207685264,8.49551838265669,16.7225,3.711
Nigeria,NGA,2014,3.53757268118461,8.04741087967907,16.5483333333333,3.9
Nigeria,NGA,2015,0.081979577825436,9.00943498007706,16.8491666666667,4.134
Nigeria,NGA,2016,-4.01892534268501,15.6968126387972,16.8680157641191,4.499
Nigeria,NGA,2017,-1.61585537268604,16.5022662139641,17.5533333333333,4.83
Nigeria,NGA,2018,-0.406836852099559,12.0951065173432,16.9038969646886,5.069
Nigeria,NGA,2019,-0.0100047593980293,11.3964223378116,15.3765869808333,5.206
Nigeria,NGA,2020,-8.34242347930724,13.2460234276597,13.6420216718796,5.714
Nigeria,NGA,2021,-0.988127022973842,16.9528457221608,11.4831327947137,5.404
Nigeria,NGA,2022,2.15831410306673,18.8471877843274,12.3345442352326,3.827
Nigeria,NGA,2023,1.18123657085347,24.659550203114,14.010553734975,3.074
Nigeria,NGA,2024,1.91718752367555,33.2420966545406,,3.045
Nigeria,NGA,2025,,,,3.064
Norway,NOR,2002,0.832308736735257,1.28672528415184,,
Norway,NOR,2003,0.354567435549953,2.48782553461781,,4.221
Norway,NOR,2004,3.40174616090181,0.454498502220863,,4.256
Norway,NOR,2005,1.98813847350503,1.53213367609249,,4.381
Norway,NOR,2006,1.63957006794733,2.3293498075755,,3.397
Norway,NOR,2007,1.85464333724661,0.712589073634201,,2.493
Norway,NOR,2008,-0.762647949902117,3.75393081761005,,2.521
Norway,NOR,2009,-3.16925631537788,2.19738586853568,,3.1
Norway,NOR,2010,-0.460631240331892,2.41890639481003,,3.527
Norway,NOR,2011,-0.197405946610559,1.2849515880916,,3.196
Norway,NOR,2012,1.37764088326504,0.696864111498263,,3.129
Norway,NOR,2013,-0.197883206152966,2.12048620353112,4.35,3.425
Norway,NOR,2014,0.903762655946366,2.04170286707211,4.21166666666667,3.486
Norway,NOR,2015,0.848799114123295,2.17113665389527,3.5,4.296
Norway,NOR,2016,0.277407788765373,3.55000000000007,3.07,4.68
Norway,NOR,2017,1.63950712591077,1.87510059552545,3.00583333333333,4.164
Norway,NOR,2018,0.165560788690883,2.76483134528797,2.92583333333333,3.801
Norway,NOR,2019,0.44339856309783,2.16773003305411,3.23583333333333,3.684
Norway,NOR,2020,-1.85769609648001,1.28658490707996,2.6975,4.424
Norway,NOR,2021,3.35449506555356,3.48388055266669,2.27416666666667,4.359
Norway,NOR,2022,2.32282354360895,5.76412317852272,3.24333333333333,3.231
Norway,NOR,2023,-1.06055299614016,5.51784987104659,5.30833333333334,3.574
Norway,NOR,2024,1.13204599317447,3.14530134431081,6.14916666666667,4.0
Norway,NOR,2025,,,,4.637
Peru,PER,2002,4.20293608263907,0.193135003853722,20.7653572885806,
Peru,PER,2003,3.06117676528694,2.25937753363072,21.0156649712755,4.15
Peru,PER,2004,3.93432882456604,3.66247320092233,24.6745640588226,4.71
Peru,PER,2005,5.34332345958555,1.61630193862544,25.5338357716344,4.87
Peru,PER,2006,6.68113849738523,2.00225801248819,23.9333333333333,4.17
Peru,PER,2007,7.73406209571857,1.77998644680372,22.8556480555556,4.08
Peru,PER,2008,8.4109066563893,5.78587598206755,23.6734449024808,4.03
Peru,PER,2009,0.473893281807491,2.936231535967,21.0419233333333,3.96
Peru,PER,2010,7.6277436246787,1.52832059732901,18.9768683333333,3.6
Peru,PER,2011,5.53595626254707,3.36931095333853,18.677925,3.477
Peru,PER,2012,5.25513020005759,3.61121294940163,19.2369083333333,3.238
Peru,PER,2013,4.90271487934022,2.76789666082002,18.13925,3.575
Peru,PER,2014,1.36938882425959,3.41194579807465,15.7433166666667,3.208
Peru,PER,2015,2.09361990664132,3.39809194746308,16.1058277777778,3.272
Peru,PER,2016,2.57623039728159,3.55717663556279,16.4662,3.741
Peru,PER,2017,1.01943141648242,2.99490045809443,16.7874916666667,3.691
Peru,PER,2018,2.1018453903506,1.50915423024742,14.539125,3.492
Peru,PER,2019,0.502286291227506,2.25212191358027,14.38545,3.379
Peru,PER,2020,-11.989123385761,2.00241205759292,12.9383333333333,7.179
Peru,PER,2021,12.2777396432111,4.27166381536798,10.9795083333333,5.097
Peru,PER,2022,1.82762015025182,8.33370630096231,12.5972583333333,4.291
Peru,PER,2023,-1.49255980889144,6.45561348369586,,4.899
Peru,PER,2024,2.18017278753871,2.00770739412712,,5.199
Peru,PER,2025,,,,5.117
Philippines,PHL,2002,1.63440956717702,2.72277227722765,9.1385,
Philippines,PHL,2003,3.02447664962099,2.28915662650607,9.47166666666667,3.527
Philippines,PHL,2004,4.51829535753411,4.82921083627795,10.079,3.554
Philippines,PHL,2005,3.00922096669444,6.51685393258433,10.1849166666667,3.795
Philippines,PHL,2006,3.55972238279863,5.4852320675105,9.77866666666667,4.052
Philippines,PHL,2007,4.68750495300476,2.90000000000003,8.69141666666667,3.434
Philippines,PHL,2008,2.51657128580275,8.26044703595725,8.75108333333334,3.72
Philippines,PHL,2009,-0.362955289837316,4.21903052064628,8.56616666666667,3.858
Philippines,PHL,2010,5.15869430276467,3.78983634797591,7.67266666666667,3.605
Philippines,PHL,2011,1.83760514144211,4.7184170471842,6.66325,3.592
Philippines,PHL,2012,4.8407653397621,3.02696391124796,5.6795,3.504
Philippines,PHL,2013,4.76266633818079,2.58268766141795,5.76683333333333,3.497
Philippines,PHL,2014,4.61514068278228,3.59782343864211,5.52591666666666,3.6
Philippines,PHL,2015,4.7872505574235,0.674192536845408,5.57825,3.068
Philippines,PHL,2016,5.7212148588973,1.25369880080982,5.642,2.695
Philippines,PHL,2017,5.56223020665776,2.85318772590947,5.62725,2.552
Philippines,PHL,2018,5.03429067114457,5.30934661627707,6.1185,2.338
Philippines,PHL,2019,4.83577546655691,2.39206534422404,7.09583333333333,2.237
Philippines,PHL,2020,-10.5488615065624,2.3931623931624,,2.522
Philippines,PHL,2021,4.76163916254069,3.92718022100332,,3.398
Philippines,PHL,2022,6.76595410569132,5.82115811213955,,2.598
Philippines,PHL,2023,4.66769736279124,5.97802515541409,,2.2
Philippines,PHL,2024,4.82301240715314,3.21260487006347,,2.202
Philippines,PHL,2025,,,,2.235
Poland,POL,2002,1.94840486282048,1.90528215048054,,
Poland,POL,2003,3.59326547651193,0.682701375787632,,19.899
Poland,POL,2004,5.15230495657681,3.38264681884699,,18.822
Poland,POL,2005,3.30621477152089,2.18379872390251,,17.592
Poland,POL,2006,6.26942932351373,1.28469394366416,,13.794
Poland,POL,2007,6.81843988104569,2.4587431238539,,9.551
Poland,POL,2008,4.36953645222033,4.16497193524779,,7.069
Poland,POL,2009,2.54561682473884,3.79539242483399,,8.131
Poland,POL,2010,3.46400853867873,2.58069370250548,,9.578
Poland,POL,2011,5.19888222323388,4.23940149625932,,9.576
Poland,POL,2012,1.51202436704637,3.56037151702793,,10.031
Poland,POL,2013,0.745031977271424,0.991982606332335,,10.293
Poland,POL,2014,3.99831832124629,0.0538213132399802,,8.971
Poland,POL,2015,4.50138467634895,-0.874125874125862,,7.475
Poland,POL,2016,3.07547528252388,-0.664767331433962,,6.141
Poland,POL,2017,5.13933542172569,2.07593553673859,,4.867
Poland,POL,2018,6.24607110540019,1.81295156542689,,3.835
Poland,POL,2019,4.60600727341085,2.22747880938291,,3.267
Poland,POL,2020,-0.861202002378917,3.37446972618589,,3.155
Poland,POL,2021,8.47171799983406,5.05502704719272,,3.268
Poland,POL,2022,5.7122759744731,14.4294507575758,,2.811
Poland,POL,2023,0.616853101336787,11.5289127961105,,2.743
Poland,POL,2024,3.38947422901255,3.79060897630197,,2.807
Poland,POL,2025,,,,2.976
Portugal,PRT,2002,0.220543241020806,3.60034658290914,,
Portugal,PRT,2003,-1.30174193891358,3.21899090682895,,6.132
Portugal,PRT,2004,1.54561995012715,2.36536204097302,,6.319
Portugal,PRT,2005,0.595038072485551,2.27716394887834,,7.582
Portugal,PRT,2006,1.44193756415369,3.1076654587105,,7.649
Portugal,PRT,2007,2.30555184529184,2.45396528138743,,7.965
Portugal,PRT,2008,0.174699975144293,2.58850657657959,,7.553
Portugal,PRT,2009,-3.21438882343172,-0.835530021504157,,9.432
Portugal,PRT,2010,1.69092747575826,1.40257289895369,,10.771
Portugal,PRT,2011,-1.56885655182528,3.65301100430724,,12.715
Portugal,PRT,2012,-3.66111452137058,2.77333854051586,,15.509
Portugal,PRT,2013,-0.439198387971658,0.274416666666663,,16.237
Portugal,PRT,2014,1.28604644379557,-0.278153367467428,,13.88
Portugal,PRT,2015,2.01139554784055,0.48793862390472,,12.405
Portugal,PRT,2016,2.32643063621838,0.607397074641719,,11.058
Portugal,PRT,2017,3.56700126187077,1.36861411643472,,8.878
Portugal,PRT,2018,3.11123658697107,0.993715683468326,,6.966
Portugal,PRT,2019,2.72130207848775,0.338178410046034,,6.422
Portugal,PRT,2020,-8.30107079726919,-0.0124383299575305,,6.85
Portugal,PRT,2021,4.89913107175563,1.26565719069044,,6.712
Portugal,PRT,2022,6.24247031136021,7.83269124233323,,6.138
Portugal,PRT,2023,1.69802567248595,4.31128191898672,,6.498
Portugal,PRT,2024,1.02697035140542,2.41613187791884,,6.5
Portugal,PRT,2025,,,,6.164
Romania,ROU,2002,7.65586943426131,22.5398862605386,35.425,
Romania,ROU,2003,3.08196384315724,15.2734889936255,25.435,6.95
Romania,ROU,2004,11.0591132161949,11.8743635936399,25.6125,7.719
Romania,ROU,2005,5.3165061122384,9.01491283343835,19.6008333333333,7.174
Romania,ROU,2006,8.67067585292331,6.55851412276983,13.9816666666667,7.27
Romania,ROU,2007,8.82964823723904,4.83732928313989,13.3483333333333,6.413
Romania,ROU,2008,11.1442089014979,7.85080255714482,14.9883333333333,5.787
Romania,ROU,2009,-4.72628859385392,5.58742004264393,17.275,6.859
Romania,ROU,2010,-3.33335291355054,6.09141668601891,14.0725,6.959
Romania,ROU,2011,5.01083371448033,5.7892532881588,12.1275,7.177
Romania,ROU,2012,2.35828066727251,3.33492267693442,11.3291666666667,6.794
Romania,ROU,2013,0.651822267051088,3.9847123554813,10.5225,7.096
Romania,ROU,2014,4.50672544401942,1.06830987684298,8.46583333333333,6.802
Romania,ROU,2015,3.64306941096366,-0.594156437495203,6.7675,6.812
Romania,ROU,2016,3.45169541464914,-1.54479666813897,5.70916666666667,5.901
Romania,ROU,2017,8.82266657090874,1.3390212110439,5.56451674276812,4.927
Romania,ROU,2018,6.01553045118388,4.62548443137779,6.80820228932061,4.187
Romania,ROU,2019,4.50941296110349,3.82785432599438,7.16166666666667,3.912
Romania,ROU,2020,-3.06561724934225,2.63107311184743,6.48640122828969,5.035
Romania,ROU,2021,6.37801653902932,5.05232876096582,5.61349905718721,5.59
Romania,ROU,2022,4.59004052061825,13.7954887432521,7.75709430926468,5.614
Romania,ROU,2023,2.19035297025793,10.3971874764996,9.32096121452692,5.589
Romania,ROU,2024,0.965042709085722,5.72140574354439,8.76207529347297,5.4
Romania,ROU,2025,,,,5.992
Russian Federation,RUS,2002,5.18275023824988,15.7887307914463,15.7,
Russian Federation,RUS,2003,7.78796752390349,13.6632930228666,12.975,8.21
Russian Federation,RUS,2004,7.63249118230908,10.8886157326216,11.4416666666667,7.763
Russian Federation,RUS,2005,6.80660765259209,12.6853039507349,10.6833333333333,7.124
Russian Federation,RUS,2006,8.55494147469737,9.66865454789265,10.425,7.055
Russian Federation,RUS,2007,8.68576548155966,9.00729868861079,10.0333333333333,6.002
Russian Federation,RUS,2008,5.24621001829865,14.1107677840442,12.225,6.205
Russian Federation,RUS,2009,-7.8277499767233,11.6473295764118,15.3083333333333,8.301
Russian Federation,RUS,2010,4.45309639834757,6.84939230255025,10.8166666666667,7.407
Russian Federation,RUS,2011,4.17697624368184,8.4404648593257,8.45833333333333,6.571
Russian Federation,RUS,2012,3.76271915500016,5.07474300799149,9.1,5.484
Russian Federation,RUS,2013,1.45314767875932,6.75466833903486,9.46666666666667,5.513
Russian Federation,RUS,2014,-1.12194041744186,7.82016970013845,11.1416666666667,5.212
Russian Federation,RUS,2015,-2.2762114110788,15.5343959935701,15.7166666666667,5.615
Russian Federation,RUS,2016,-0.0904862004782103,7.04243725413707,12.5983333333333,5.591
Russian Federation,RUS,2017,1.61387325924203,3.68333072334495,10.56,5.238
Russian Federation,RUS,2018,2.71659271660542,2.87831382614981,8.86666666666667,4.871
Russian Federation,RUS,2019,2.14202624717367,4.47202631837903,8.75333333333333,4.513
Russian Federation,RUS,2020,-2.52680431743222,3.38219796948068,6.77583333333333,5.62
Russian Federation,RUS,2021,6.21857740869952,6.69445891957612,7.18108333333333,4.749
Russian Federation,RUS,2022,-1.09717176252111,13.7436797398232,11.4591666666667,3.867
Russian Federation,RUS,2023,4.37751097028844,5.86571931748967,11.6225,3.076
Russian Federation,RUS,2024,4.55626099351906,8.43486410496723,17.0925,2.43
Russian Federation,RUS,2025,,,,2.133
Saudi Arabia,SAU,2002,-5.50962678622284,0.247186492339686,,
Saudi Arabia,SAU,2003,3.69783168216851,0.612195358172966,,5.563
Saudi Arabia,SAU,2004,3.75594009248144,0.5155078977673,,5.822
Saudi Arabia,SAU,2005,1.35662290420511,0.479231671630955,,6.051
Saudi Arabia,SAU,2006,-1.01590810452811,2.20902314069647,,6.254
Saudi Arabia,SAU,2007,-1.94086075361376,4.16782358431579,,5.734
Saudi Arabia,SAU,2008,2.04298819113291,9.87024816760266,,5.085
Saudi Arabia,SAU,2009,-4.86501611210622,5.0572227614833,,5.377
Saudi Arabia,SAU,2010,6.08720360847519,5.33941733020905,,5.55
Saudi Arabia,SAU,2011,6.79984191573597,5.8262163739404,,5.77
Saudi Arabia,SAU,2012,1.40889754697817,2.86627029905053,,5.622
Saudi Arabia,SAU,2013,-2.47720466086211,3.51104209799866,,5.6
Saudi Arabia,SAU,2014,1.5065962283723,2.24185348779063,,5.877
Saudi Arabia,SAU,2015,-0.634810334471936,1.22269318552328,,5.6
Saudi Arabia,SAU,2016,-2.03439520588341,2.05347076823965,,5.6
Saudi Arabia,SAU,2017,1.10646877226159,-0.834845735027162,,5.89
Saudi Arabia,SAU,2018,5.89707730206987,2.46594308994843,,6.029
Saudi Arabia,SAU,2019,2.09953683085793,-1.19298644533328,,5.636
Saudi Arabia,SAU,2020,-8.3434729070232,3.37234961012303,,7.66
Saudi Arabia,SAU,2021,9.17745692710805,3.06328988941548,,6.621
Saudi Arabia,SAU,2022,7.15912905732745,2.47407371925372,,5.589
Saudi Arabia,SAU,2023,-4.01429387790023,2.32708518362706,,4.008
Saudi Arabia,SAU,2024,-2.61945058525819,1.68792112375809,,3.518
Saudi Arabia,SAU,2025,,,,3.038
Singapore,SGP,2002,2.97922962062731,-0.391676866585049,5.34583333333333,
Singapore,SGP,2003,6.10127554555405,0.507905300237551,5.30666666666667,5.93
Singapore,SGP,2004,8.5722052915981,1.66272719863072,5.3,5.84
Singapore,SGP,2005,4.87209326850753,0.425106276569107,5.3,5.59
Singapore,SGP,2006,5.64834329383781,0.965657519018511,5.3125,4.48
Singapore,SGP,2007,4.57298627096552,2.10980166714574,5.33,3.9
Singapore,SGP,2008,-3.41549269446281,6.63544058395309,5.38,3.96
Singapore,SGP,2009,-2.84677194924208,0.589142019610516,5.38,5.86
Singapore,SGP,2010,12.5085215498552,2.82884527612958,5.38,4.12
Singapore,SGP,2011,4.02338164865897,5.25115624639373,5.38,3.89
Singapore,SGP,2012,1.90446223662212,4.58084479423094,5.38,3.72
Singapore,SGP,2013,3.13397914899265,2.36439793742726,5.38,3.86
Singapore,SGP,2014,2.59472315486744,1.03316955857629,5.35,3.74
Singapore,SGP,2015,1.76232468638902,-0.521975611895763,5.35,3.79
Singapore,SGP,2016,2.41021443466256,-0.529809760375464,5.35,4.08
Singapore,SGP,2017,4.38437834929044,0.576763191179996,5.28,4.2
Singapore,SGP,2018,2.96719699276471,0.438784215129623,5.33,3.613
Singapore,SGP,2019,0.15539750940367,0.567829988405447,5.25,3.1
Singapore,SGP,2020,-3.51423380533573,-0.172111865925382,5.25,4.1
Singapore,SGP,2021,14.4308159309526,2.31610315765146,5.25,4.64
Singapore,SGP,2022,0.719821622511958,6.13095418919732,,3.591
Singapore,SGP,2023,-3.00715571486563,4.83372362825798,,3.444
Singapore,SGP,2024,2.32663656705263,2.38951123595017,,2.737
Singapore,SGP,2025,,,,2.818
South Africa,ZAF,2002,2.72292924025332,9.494713780996,15.75,
South Africa,ZAF,2003,1.92822490144245,5.67942414068799,14.9583333333333,22.679
South Africa,ZAF,2004,3.50654128784933,-0.692039437857687,11.2916666666667,22.567
South Africa,ZAF,2005,4.21638584977106,2.06285308223427,10.625,22.472
South Africa,ZAF,2006,4.53031944639788,3.2439076541923,11.1666666666667,22.304
South Africa,ZAF,2007,4.25469604690063,6.17781214809388,13.1666666666667,22.26
South Africa,ZAF,2008,2.00798658438173,9.90998456005467,15.125,22.407
South Africa,ZAF,2009,-2.70664075062311,7.23809523809527,11.7083333333333,23.523
South Africa,ZAF,2010,1.82804672464107,4.06749555950263,9.83333333333333,24.683
South Africa,ZAF,2011,1.90092049729387,5.0008533879502,9.0,24.639
South Africa,ZAF,2012,0.897179683754416,5.73797139141739,8.75,24.727
South Africa,ZAF,2013,0.805658809846705,5.78016910069176,8.5,24.561
South Africa,ZAF,2014,-0.257188966137676,6.13282953059149,9.125,24.89
South Africa,ZAF,2015,-0.694265293924985,4.51869094892506,9.41666666666667,25.149
South Africa,ZAF,2016,-0.277781475736276,6.60290842394872,10.4583333333333,26.536
South Africa,ZAF,2017,0.49869596172698,5.18618655524149,10.375,27.035
South Africa,ZAF,2018,-0.1374850396532,4.50987264867388,10.0833333333333,26.906
South Africa,ZAF,2019,-1.3803610544763,4.10285075461156,10.125,28.468
South Africa,ZAF,2020,-7.67873309598839,3.23238831615113,7.70833333333333,29.217
South Africa,ZAF,2021,3.25562042833964,4.61874544887136,7.04166666666667,34.007
South Africa,ZAF,2022,0.62521727101273,7.03987272546482,8.79166666666667,33.268
South Africa,ZAF,2023,-0.523851146279725,6.0752438457966,11.5,32.098
South Africa,ZAF,2024,-0.713538079423742,4.36115246518962,11.625,32.279
South Africa,ZAF,2025,,,,32.391
Spain,ESP,2002,1.31414120540325,3.06565685902219,,
Spain,ESP,2003,1.0944115829832,3.03888839396655,,11.283
Spain,ESP,2004,1.35058688382759,3.03924881090924,,11.09
Spain,ESP,2005,1.81657732789419,3.36881409750383,,9.146
Spain,ESP,2006,2.29951501349761,3.51557576832128,,8.452
Spain,ESP,2007,1.63463980710374,2.78679745804945,,8.232
Spain,ESP,2008,-0.827648476802253,4.07534335957339,,11.254
Spain,ESP,2009,-4.61672962915983,-0.28781308353524,,17.857
Spain,ESP,2010,-0.365660089983677,1.79986457728768,,19.86
Spain,ESP,2011,-0.992358604711711,3.1961018883379,,21.39
Spain,ESP,2012,-2.92815897770406,2.44612782366808,,24.789
Spain,ESP,2013,-1.07017018206768,1.40858109183018,,26.094
Spain,ESP,2014,1.83396646193863,-0.151114837527234,,24.441
Spain,ESP,2015,4.14701193619516,-0.500365709903242,,22.057
Spain,ESP,2016,2.83577124069477,-0.202598000426452,,19.635
Spain,ESP,2017,2.64617061107108,1.95607633363963,,17.224
Spain,ESP,2018,1.93406292039191,1.6749813686379,,15.255
Spain,ESP,2019,1.23303741249605,0.699518994458738,,14.104
Spain,ESP,2020,-11.3931290455953,-0.322753017299739,,15.532
Spain,ESP,2021,6.49336738803039,3.09313511976419,,14.914
Spain,ESP,2022,5.60841068844668,8.39057634118626,,13.033
Spain,ESP,2023,1.26057958891062,3.53236133492432,,12.179
Spain,ESP,2024,2.40413218623925,2.77417826534772,,11.4
Spain,ESP,2025,,,,10.376
Sweden,SWE,2002,1.94541903904167,2.15848213589266,5.7925,
Sweden,SWE,2003,1.50263999618741,1.92565534892383,5.0175,5.555
Sweden,SWE,2004,3.77065163055421,0.373659828721824,4.1825,6.693
Sweden,SWE,2005,2.38284512787561,0.453170852576138,3.532,7.81
Sweden,SWE,2006,4.08894162666398,1.36021468627693,3.67803333333333,7.066
Sweden,SWE,2007,2.46223270145694,2.21216883436733,,6.161
Sweden,SWE,2008,-1.6919565204184,3.43704910602875,,6.235
Sweden,SWE,2009,-5.06780005582803,-0.494460544378051,,8.351
Sweden,SWE,2010,4.85304553694191,1.15798802715626,,8.61
Sweden,SWE,2011,2.38777753247983,2.9611507382214,,7.804
Sweden,SWE,2012,-1.14837721022437,0.888377506923735,,7.976
Sweden,SWE,2013,0.284298669472349,-0.044292970148682,,8.052
Sweden,SWE,2014,1.28579244857269,-0.179638494114635,,7.954
Sweden,SWE,2015,3.29020421290397,-0.0467847449832812,,7.432
Sweden,SWE,2016,0.855975824436371,0.984269244577992,,6.99
Sweden,SWE,2017,0.519214362381689,1.79449904665599,,6.718
Sweden,SWE,2018,0.594886136077946,1.95353530127028,,6.365
Sweden,SWE,2019,1.57332206499805,1.78415097403835,,6.833
Sweden,SWE,2020,-2.63997048116038,0.497367318853572,,8.291
Sweden,SWE,2021,4.5957806799404,2.16319736447143,,8.803
Sweden,SWE,2022,0.568648782156174,8.36929098869189,,7.417
Sweden,SWE,2023,-0.674701257933236,8.5486248974891,,7.611
Sweden,SWE,2024,0.504564017875396,2.83581658224034,,8.4
Sweden,SWE,2025,,,,8.694
Switzerland,CHE,2002,-0.826280599815533,0.642711506543277,,
Switzerland,CHE,2003,-0.771333118455232,0.638272930887189,,4.117
Switzerland,CHE,2004,1.99813197598502,0.802908730955226,,4.316
Switzerland,CHE,2005,2.09358672785885,1.17195420333702,,4.437
Switzerland,CHE,2006,3.42255062788115,1.05950928324804,,3.995
Switzerland,CHE,2007,2.99182197798172,0.732350603122236,,3.641
Switzerland,CHE,2008,1.50995075456851,2.42604117060157,3.3425,3.35
Switzerland,CHE,2009,-3.51055875649962,-0.480481936423304,2.75083333333333,4.109
Switzerland,CHE,2010,2.17363798688378,0.688238707219974,2.73333333333333,4.808
Switzerland,CHE,2011,0.687339980952387,0.2313492076509,2.71833333333333,4.409
Switzerland,CHE,2012,0.110596623356798,-0.692552018105163,2.68833333333333,4.491
Switzerland,CHE,2013,0.628360626093993,-0.217323155115672,2.68916666666667,4.747
Switzerland,CHE,2014,1.10869373261926,-0.0132025387515945,2.69,4.826
Switzerland,CHE,2015,0.494129645915152,-1.14390867228178,2.68083333333333,4.801
Switzerland,CHE,2016,0.960131696221239,-0.434618664285814,2.64666666666667,4.918
Switzerland,CHE,2017,0.421326259922779,0.533787839825876,2.62743867833333,4.797
Switzerland,CHE,2018,2.10552471989985,0.936335464113572,2.62742559333333,4.713
Switzerland,CHE,2019,0.423089633793808,0.362886179940674,2.63292318,4.394
Switzerland,CHE,2020,-2.85415823647342,-0.725874933313402,2.63484670416667,4.817
Switzerland,CHE,2021,4.75464519304134,0.581814168489855,2.63985731416667,5.013
Switzerland,CHE,2022,2.1924092887961,2.83502798644451,2.64672373583333,4.122
Switzerland,CHE,2023,-0.582278335714477,2.13540088016386,2.86414745583333,4.043
Switzerland,CHE,2024,-0.0110810035101565,1.06234041976594,2.97616142777778,4.343
Switzerland,CHE,2025,,,,4.873
Thailand,THA,2002,5.13275009732257,0.697308976625449,,
Thailand,THA,2003,6.19493623168337,1.80434994635721,,1.54
Thailand,THA,2004,5.34116205951062,2.7591492623108,4.55308715722008,1.51
Thailand,THA,2005,3.29537578511341,4.54036919634535,4.71935005845093,1.35
Thailand,THA,2006,4.10011779691514,4.63747436011765,6.27380728455047,1.22
Thailand,THA,2007,4.5949892120282,2.24154095286803,6.04656836196979,1.18
Thailand,THA,2008,0.947280170156503,5.46848949649845,5.82188819286142,1.18
Thailand,THA,2009,-1.42135866699509,-0.845716092316721,4.77599754065056,1.49
Thailand,THA,2010,6.79479928649167,3.24758842443723,4.33403991889774,0.622
Thailand,THA,2011,0.215045559628464,3.80879058139634,5.06756761337228,0.66
Thailand,THA,2012,6.58038336266074,3.01489950334985,5.18731410654716,0.58
Thailand,THA,2013,2.08615316028128,2.18488618530687,5.06043360051236,0.249
Thailand,THA,2014,0.45053655380589,1.8951418189878,4.94915214812624,0.576
Thailand,THA,2015,2.65971785318402,-0.900424963291569,4.73187498877014,0.597
Thailand,THA,2016,2.96944155296718,0.188149704448143,4.46834552349908,0.688
Thailand,THA,2017,3.73797800283087,0.665631893135106,4.41658283333333,0.83
Thailand,THA,2018,3.90762624173355,1.06389754183024,4.14666666666666,0.765
Thailand,THA,2019,1.90583495758329,0.706728601314311,4.08416666666666,0.716
Thailand,THA,2020,-6.20637326420599,-0.845937147357041,3.2925,1.099
Thailand,THA,2021,1.43062175645008,1.23039541318384,3.06,1.215
Thailand,THA,2022,2.56894316437668,-1.61068030486688,3.13833333333333,0.94
Thailand,THA,2023,2.06455231923211,8.47805174421543,4.28583333333333,0.733
Thailand,THA,2024,2.59107416696065,1.36580540798037,4.51416666666667,0.781
Thailand,THA,2025,,,,0.781
Turkiye,TUR,2002,5.15974085311868,44.964120947985,,
Turkiye,TUR,2003,4.57792705344551,21.6024384490573,,10.542
Turkiye,TUR,2004,8.70602046453412,8.59826168115262,,10.838
Turkiye,TUR,2005,7.95177362643042,8.17916036802008,,10.636
Turkiye,TUR,2006,5.97350417809075,9.59724212288446,,10.227
Turkiye,TUR,2007,4.93924794926627,8.75618090972632,,10.285
Turkiye,TUR,2008,-0.349081731358567,10.4441283764885,,10.965
Turkiye,TUR,2009,-6.18658127732729,6.25097663090626,,14.026
Turkiye,TUR,2010,6.90544093016851,8.56644420552976,,11.879
Turkiye,TUR,2011,9.36292358017863,6.471879671151,,9.789
Turkiye,TUR,2012,3.48010432023058,8.89156996512163,,9.21
Turkiye,TUR,2013,7.10372830173409,7.49309030547693,,9.713
Turkiye,TUR,2014,3.19911298885714,8.85457271364316,,9.901
Turkiye,TUR,2015,4.4033792666971,7.67085364845885,,10.304
Turkiye,TUR,2016,1.9428315705164,7.7751341532833,,10.899
Turkiye,TUR,2017,6.43664614092381,11.1443110840764,,10.919
Turkiye,TUR,2018,2.07704135618785,16.3324638988929,,10.956
Turkiye,TUR,2019,-0.136378469205951,15.1768215720022,,13.73
Turkiye,TUR,2020,0.819957444576985,12.2789574462574,,13.148
Turkiye,TUR,2021,10.797736075363,19.5964926913324,,11.969
Turkiye,TUR,2022,4.40815937187469,72.3088359891207,,10.465
Turkiye,TUR,2023,4.61909774991381,53.8594087593315,,9.388
Turkiye,TUR,2024,3.09479882124933,58.5064507300342,,8.8
Turkiye,TUR,2025,,,,8.52
United Kingdom,GBR,2002,1.27936543722539,1.52040245947455,4.0,
United Kingdom,GBR,2003,2.73900554436896,1.37650038542013,3.69579166666667,4.807
United Kingdom,GBR,2004,1.74549468873848,1.39039756680422,4.37981666666667,4.594
United Kingdom,GBR,2005,2.08729988072291,2.0891364902507,4.648675,4.884
United Kingdom,GBR,2006,1.4414302818718,2.4556616643929,4.63825833333333,5.472
United Kingdom,GBR,2007,2.13253558466515,2.38656150773327,5.50870833333333,5.399
United Kingdom,GBR,2008,-0.832967942760902,3.52140856342539,4.67530833333333,5.748
United Kingdom,GBR,2009,-5.30637777763782,1.96173173560109,0.644866666666667,7.683
United Kingdom,GBR,2010,1.46206947680976,2.49265472467065,0.5,7.973
United Kingdom,GBR,2011,0.0663488911998797,3.8561124468282,0.5,8.195
United Kingdom,GBR,2012,0.807661642969506,2.5732347965453,0.5,8.279
United Kingdom,GBR,2013,1.03970154694078,2.29166666666659,0.5,7.752
United Kingdom,GBR,2014,2.39229911882015,1.45112016293279,0.5,6.398
United Kingdom,GBR,2015,1.40598896714546,0.36804684232536,,5.552
United Kingdom,GBR,2016,1.39799087279013,1.0084173681141,,4.909
United Kingdom,GBR,2017,2.46254947655839,2.55775577557747,,4.501
United Kingdom,GBR,2018,1.05651160071312,2.29283990345938,,4.145
United Kingdom,GBR,2019,0.736576132017404,1.73810460086513,,3.657
United Kingdom,GBR,2020,-10.2001887936603,0.989486703772491,,4.472
United Kingdom,GBR,2021,8.15420782581518,2.51837109614213,,4.864
United Kingdom,GBR,2022,4.18537017111771,7.92204883147902,,3.768
United Kingdom,GBR,2023,-1.02837368059031,6.79396706793963,,4.025
United Kingdom,GBR,2024,0.0541839994899789,3.2715729463592,,4.361
United Kingdom,GBR,2025,,,,4.746
United States,USA,2002,0.7612368560753,1.58603162650601,4.675,
United States,USA,2003,1.91588247508415,2.27009497336115,4.1225,5.989
United States,USA,2004,2.89111091581917,2.67723669309172,4.34,5.529
United States,USA,2005,2.53411070482159,3.3927468454955,6.18916666666667,5.084
United States,USA,2006,1.79819874456308,3.22594410070404,7.9575,4.623
United States,USA,2007,1.03834382130532,2.85267248150138,8.05,4.622
United States,USA,2008,-0.828888119464764,3.839100296651,5.0875,5.784
United States,USA,2009,-3.42683193789478,-0.355546266299747,3.25,9.254
United States,USA,2010,1.82992369379657,1.6400434423899,3.25,9.633
United States,USA,2011,0.762796405429199,3.156841568622,3.25,8.949
United States,USA,2012,1.47570596897309,2.06933726526067,3.25,8.069
United States,USA,2013,1.34816252731798,1.46483265562717,3.25,7.375
United States,USA,2014,1.71094543857326,1.62222297740817,3.25,6.168
United States,USA,2015,2.12741138123612,0.118627135552451,3.26,5.28
United States,USA,2016,1.02266589117943,1.26158320570536,3.51166666666667,4.869
United States,USA,2017,1.75014094923958,2.13011000365961,4.09666666666667,4.355
United States,USA,2018,2.36444249943987,2.44258329692817,4.90416666666667,3.896
United States,USA,2019,2.05676590328193,1.81221007526021,5.2825,3.669
United States,USA,2020,-2.56180738534749,1.23358439630629,3.54416666666667,8.055
United States,USA,2021,5.88834103890834,4.69785886363742,3.25,5.349
United States,USA,2022,1.92386172918107,8.00279982052121,,3.65
United States,USA,2023,2.03559987540991,4.11633838374488,,3.638
United States,USA,2024,1.79419235153047,2.94952520485207,,4.022
United States,USA,2025,,,,4.198
